feature,importance,change_score,change_effect_size,combined_rank,direction
Mean angle excursion - rhindlimb - ankle (°),0.05706081017096822,-7.819830301572296,-0.8952815923125351,0.05108549298850773,away_from_healthy
Mean angle during swing - rhindlimb - lHindpaw (°)_sin,0.053810407313252054,0.0003718503328464656,0.4911584300656322,0.026429435177169093,towards_healthy
Mean angle value - rhindlimb - lHindpaw (°)_cos,0.03138812294089893,0.019220399984519854,0.7866744430284532,0.024692234132240285,towards_healthy
Mean phase excursion - rhindlimb - ankle (°),0.029125480173799612,-6.268267813674939,-0.8126368288558709,0.023668437847341055,away_from_healthy
Mean angle during swing - rhindlimb - lHindpaw (°)_cos,0.04628982491772473,1.757484351838645e-05,0.4818931132756821,0.022306747842588615,towards_healthy
Mean angle value - rhindlimb - lHindpaw (°)_sin,0.027936690858723315,0.030156226588191726,0.7260965749271652,0.020284735547318043,towards_healthy
Mean angle during stance - rhindlimb - lHindpaw (°)_sin,0.02484683190253343,0.0008774689725096485,0.7305315330797569,0.01815139420193276,towards_healthy
Mean angle velocity - rhindlimb - knee (rad/s)_cos,0.01923992060472498,0.0024083602985597308,0.8201546856905785,0.0157797110362799,towards_healthy
Mean angle during stance - rhindlimb - lHindpaw (°)_cos,0.02047714101045102,3.7544223580598945e-05,0.7185506503619062,0.014713862990612041,towards_healthy
Mean step acceleration X during stance - ankle (m/s^2),0.02324604243245415,0.2702405466155845,0.5704180534074758,0.01325996227374808,towards_healthy
Mean step acceleration Y during stance - knee (m/s^2),0.012819368315349014,0.389837973627539,1.020976494491187,0.01308827372419643,towards_healthy
Mean angle velocity - rhindlimb - knee (rad/s)_sin,0.019311011612797177,0.025719074141259665,0.6568039484489568,0.012683548675828844,towards_healthy
Mean step velocity Y during stance - lHindpaw (m/s),0.01054256289940062,0.005243139113181274,0.9396059975470118,0.009905855329793437,towards_healthy
Mean step acceleration X during stance - lHindpaw (m/s^2),0.020669401673850465,0.23155180512929635,0.40839421169915907,0.00844126400288544,towards_healthy
Mean phase value - rhindlimb - lHindpaw (°)_sin,0.006756095859639943,-0.06672526777395033,-0.9972312425744229,0.006737389869060654,away_from_healthy
Mean step acceleration Y during swing - ankle (m/s^2),0.012958302580643764,0.17479847641792157,0.48309775448704756,0.006260126878672716,towards_healthy
Mean angle value - rhindlimb - lHindfingers (°)_sin,0.005933718193562079,-0.06468287060084593,-1.038321399581079,0.00616110657945909,away_from_healthy
Mean step velocity X during stance - lHindpaw (m/s),0.009671327641235575,-0.009269240087424926,-0.6061569726936873,0.005862342684940135,away_from_healthy
Mean phase during stance - rhindlimb - lHindpaw (°)_sin,0.00841379546187212,-0.0007774903423892494,-0.6543030008625962,0.005505171619347022,away_from_healthy
Mean phase value - rhindlimb - lHindpaw (°)_cos,0.006660986240848869,-0.027100463305455236,-0.8187995352823645,0.005454012438529278,away_from_healthy
Mean step acceleration Y during stance - ankle (m/s^2),0.00999638947518473,0.18692678515513728,0.5399363799590392,0.0053974143458918825,towards_healthy
Mean step height (m),0.005513937479231094,0.00047666216148467165,0.9186197144447298,0.005065211672637361,towards_healthy
Mean step velocity X during stance - lHindfingers (m/s),0.019375981860899394,-0.00287173620807968,-0.2605402687723744,0.005048223521767379,away_from_healthy
Mean step jerk Y during stance - lHindfingers (m/s^3),0.006736165894143806,16.053499256804233,0.7385580107797024,0.004975049283060925,towards_healthy
Mean angle during swing - rhindlimb - lHindfingers (°)_sin,0.004293448395833841,-0.001749316762079782,-1.0236260869835936,0.004394885781093381,away_from_healthy
Mean angle value - rhindlimb - ankle (°)_sin,0.005009504165492524,-0.022561421601594134,-0.8757967441512206,0.00438730743795033,away_from_healthy
Mean angle during swing - rhindlimb - ankle (°)_cos,0.006817298892781177,-1.4634195370621939e-05,-0.6368753554988734,0.004341769655882089,away_from_healthy
Mean step frequency (Hz),0.005033220468194316,0.5154048737161889,0.8042080943206084,0.004047756641022031,towards_healthy
Mean step acceleration Y during stance - lHindpaw (m/s^2),0.004985109763969536,0.4337534662993787,0.7770859458115508,0.0038738587359086634,towards_healthy
Mean phase during stance - rhindlimb - lHindpaw (°)_cos,0.0064701062652122625,-4.592937748348902e-06,-0.5857492678851846,0.0037898600079874284,away_from_healthy
Mean angle value - rhindlimb - knee (°)_cos,0.00716613142292593,-0.01585065092085492,-0.4846042737725523,0.0034727379139656866,away_from_healthy
Mean angle during stance - rhindlimb - ankle (°)_cos,0.00697679069849686,-1.4085918869977121e-05,-0.48621821625328154,0.0033922427285956297,away_from_healthy
Mean step acceleration Y during swing - lHindpaw (m/s^2),0.004228167026926112,0.4052319443651593,0.7647263496298246,0.003233390736126394,towards_healthy
Mean step velocity X during stance - ankle (m/s),0.003771722553033233,-0.025349151907048187,-0.822962639551483,0.0031039867479000873,away_from_healthy
Mean angle during swing - rhindlimb - lHindfingers (°)_cos,0.0028353995384036617,-8.06468861815901e-05,-1.0608657922400702,0.00300797837762573,away_from_healthy
Mean phase during swing - rhindlimb - lHindpaw (°)_sin,0.0030254457005245605,-0.0016802707024225969,-0.9399858532437637,0.0028438761582502553,away_from_healthy
Mean step velocity X during swing - hip (m/s),0.006887448045892332,0.019359934818306057,0.3940237314298723,0.002713817979071879,towards_healthy
Mean angle during swing - rhindlimb - ankle (°)_sin,0.0041618332917300735,-0.0007592665361716294,-0.6391915058729571,0.0026602084889331516,away_from_healthy
Mean angle value - rhindlimb - ankle (°)_cos,0.0031221230336995775,-0.050417006117926544,-0.8450466821628247,0.002638339710931961,away_from_healthy
Mean step velocity Y during stance - knee (m/s),0.0035321289155722897,0.0068878988920238055,0.7428281533384709,0.0026237647997079797,towards_healthy
Mean phase during swing - rhindlimb - lHindpaw (°)_cos,0.0033449655342849627,-1.4263975591122247e-05,-0.7837614965752118,0.002621655193143685,away_from_healthy
Mean step velocity Y during stance - ankle (m/s),0.0042813941812705,0.007037179160095296,0.6104343349202922,0.0026135100095754666,towards_healthy
Mean angle value - rhindlimb - lHindfingers (°)_cos,0.002933156383651108,-0.028492878398157395,-0.8793180747785324,0.0025791774242964545,away_from_healthy
Mean step acceleration X during stance - knee (m/s^2),0.016125818185536045,0.0798257258123487,0.15341578701627828,0.002473955088215425,towards_healthy
Mean angle during stance - rhindlimb - lHindfingers (°)_cos,0.0034381470457950955,-3.579661688013491e-05,-0.699110598322577,0.00240364503830681,away_from_healthy
Mean angle during swing - rhindlimb - knee (°)_sin,0.005627345499296873,-0.000252501312283826,-0.4249997643828284,0.0023916205113019406,away_from_healthy
Mean angle velocity during swing - rhindlimb - lHindfingers (rad/s)_sin,0.009001652254653823,0.13758880438063437,0.2554975845374718,0.002299900407910339,towards_healthy
Mean phase acceleration during swing - rhindlimb - hip (rad/s^2)_cos,0.008741372513315793,-0.12082342302041293,-0.2542256921773573,0.002222281477777833,away_from_healthy
Mean angle velocity during swing - rhindlimb - knee (rad/s)_cos,0.005346505847683905,0.18859223441680328,0.41268545267336526,0.002206425185972227,towards_healthy
Mean step velocity X during stance - knee (m/s),0.0032528979953834187,-0.024852242229285587,-0.6674444961390482,0.002171128863520406,away_from_healthy
Mean angle velocity - rhindlimb - hip (rad/s)_sin,0.004613914795541522,0.05379205753134769,0.46958252933094263,0.0021666137798078467,towards_healthy
Mean phase acceleration during swing - rhindlimb - ankle (rad/s^2)_sin,0.0028029938635577675,-0.49991705283369364,-0.7131201590918905,0.001998871429913908,away_from_healthy
Mean angle acceleration during swing - rhindlimb - hip (rad/s^2)_cos,0.007848949227641084,-0.1208234230177121,-0.25422569217229124,0.001995404550222225,away_from_healthy
Mean step acceleration Y during swing - hip (m/s^2),0.0023279904436218036,-0.17723545446822947,-0.849357590616909,0.0019772963541738043,away_from_healthy
Mean phase velocity - rhindlimb - hip (rad/s)_cos,0.004426969526187243,0.00582437121575885,0.4152466692522291,0.0018382843506303715,towards_healthy
Mean angle acceleration during swing - rhindlimb - knee (rad/s^2)_cos,0.003522179859024774,-0.26187399230888586,-0.5192834260704648,0.0018290096244307716,away_from_healthy
Mean angle velocity - rhindlimb - hip (rad/s)_cos,0.004371656773316065,0.00582437121575885,0.41524666925219916,0.0018153159142333122,towards_healthy
Mean phase velocity - rhindlimb - hip (rad/s)_sin,0.003731949672956311,0.05379205753134347,0.4695825293309171,0.0017524583667625133,towards_healthy
Mean angle during swing - rhindlimb - knee (°)_cos,0.00399280873332399,-6.987448352924197e-06,-0.42932605794639384,0.0017142168336119225,away_from_healthy
Mean step duration (s),0.003029194281427407,0.0234519055495159,0.5331833671380676,0.0016151160066868438,towards_healthy
Mean phase during swing - rhindlimb - knee (°)_sin,0.00777347571354282,-0.0016326849446381964,-0.1865900191338165,0.0014504529821262127,away_from_healthy
Mean phase velocity during swing - rhindlimb - lHindpaw (rad/s)_sin,0.003636426260865924,0.2365307708226528,0.3908037705599146,0.0014211290941094946,towards_healthy
Mean angle during stance - rhindlimb - knee (°)_cos,0.00418938583252509,6.410178462923355e-06,0.3352006368447005,0.001404284799050576,towards_healthy
Mean step acceleration X during stance - lHindfingers (m/s^2),0.01055818308384938,0.07657035772861454,0.11980416211019017,0.0012649142777665587,towards_healthy
Mean angle during stance - rhindlimb - lHindfingers (°)_sin,0.0018101033266250662,-0.0007379888831065551,-0.6890557536884587,0.0012472621119816213,away_from_healthy
Mean angle acceleration during stance - rhindlimb - knee (rad/s^2)_cos,0.0035673744603841834,-0.173931313180827,-0.3434023982121836,0.0012250449450168228,away_from_healthy
Mean phase velocity during stance - rhindlimb - knee (rad/s)_sin,0.0032889653889680097,0.24525805973744452,0.35543314780556007,0.001169007321224438,towards_healthy
Mean step jerk Y during swing - lHindfingers (m/s^3),0.004133958131261804,7.75888692250961,0.28098197278902975,0.0011615677111491923,towards_healthy
Mean angle excursion - rhindlimb - lHindfingers (°),0.0012067674283128761,-11.444365109710859,-0.9222433636494883,0.0011129332522299097,away_from_healthy
Mean step jerk Y during swing - knee (m/s^3),0.0016509084626554708,-17.026876615994617,-0.6505045406920555,0.0010739234512243245,away_from_healthy
Mean phase acceleration - rhindlimb - knee (rad/s^2)_sin,0.006067047977774023,-0.11757185040449958,-0.1682774241541959,0.0010209472059197356,away_from_healthy
Mean step jerk Y during swing - ankle (m/s^3),0.0009629893700895269,-21.31164874342754,-1.0566515425834613,0.0010175442033965743,away_from_healthy
Mean phase acceleration during swing - rhindlimb - hip (rad/s^2)_sin,0.0030987100251590924,0.22120913499403372,0.32724082618339523,0.0010140244287358308,towards_healthy
Mean angle acceleration during swing - rhindlimb - hip (rad/s^2)_sin,0.003089143448793734,0.2212091349992868,0.32724082619086675,0.001010893854405365,towards_healthy
Mean step jerk Y during stance - ankle (m/s^3),0.0018980073041440738,-14.196733235499977,-0.5298480273773163,0.0010056554260484754,away_from_healthy
Mean angle excursion - rhindlimb - knee (°),0.0023654313420017666,-2.213905217388138,-0.41630949390297267,0.000984751524850985,away_from_healthy
Mean angle during swing - rhindlimb - hip (°)_cos,0.00280970856628916,-1.4073577967121942e-05,-0.34444284992923074,0.0009677840260432112,away_from_healthy
Mean angle during stance - rhindlimb - knee (°)_sin,0.00281400516300995,0.00021989669249512442,0.3251167345720141,0.0009148801696665832,towards_healthy
Mean phase during stance - rhindlimb - hip (°)_cos,0.003515404929647331,7.339721895371909e-06,0.2596249008591834,0.0009126866563395729,towards_healthy
Mean step jerk Y during swing - hip (m/s^3),0.002792122861058505,-5.221179438719318,-0.32612730767337933,0.0009105875113703032,away_from_healthy
Mean phase acceleration - rhindlimb - hip (rad/s^2)_cos,0.0019046579653360504,0.3152691954807797,0.47370576687070265,0.0009022474620959059,towards_healthy
Mean phase velocity during swing - rhindlimb - ankle (rad/s)_sin,0.002523589599978208,-0.2266539523020462,-0.35631262677776265,0.0008991868392772785,away_from_healthy
Mean angle acceleration during swing - rhindlimb - lHindpaw (rad/s^2)_sin,0.0032377320877982705,0.16894924629322008,0.2520801882451091,0.0008161681141794181,towards_healthy
Mean phase acceleration during swing - rhindlimb - knee (rad/s^2)_sin,0.0022943453475877114,0.22261666019099938,0.3518463700453736,0.0008072570821792272,towards_healthy
Mean phase during swing - rhindlimb - knee (°)_cos,0.005388342964215781,-4.707253661206945e-05,-0.1493516888732798,0.0008047581219340815,away_from_healthy
Mean angle during stance - rhindlimb - ankle (°)_sin,0.0016978239108196998,-0.0006424049821257619,-0.4738304362216115,0.0008044806442911807,away_from_healthy
Mean step jerk X during stance - hip (m/s^3),0.005858434063884309,6.158382443861363,0.13396216105446682,0.0007848084875930444,towards_healthy
Mean phase excursion - rhindlimb - lHindpaw (°),0.0008807441833528792,-10.791839400325756,-0.8807243576554425,0.0007756928551422319,away_from_healthy
Mean angle velocity during swing - rhindlimb - knee (rad/s)_sin,0.0018499825174825176,0.281593110276419,0.41418453271367883,0.0007662341445319718,towards_healthy
Mean phase acceleration during stance - rhindlimb - lHindpaw (rad/s^2)_sin,0.002210027106075034,0.25416763258813535,0.3466189993830935,0.000766037384117242,towards_healthy
Mean angle velocity during swing - rhindlimb - ankle (rad/s)_cos,0.0016637968485069766,-0.20139445479690055,-0.4604137375045712,0.0007660349254694239,away_from_healthy
Mean phase excursion - rhindlimb - hip (°),0.0022349673050091226,-1.57421838158767,-0.33783155526009345,0.0007550424806066915,away_from_healthy
Mean angle during stance - rhindlimb - hip (°)_sin,0.0026765197323115365,0.00031747760384830126,0.27898694379318684,0.0007467140601197541,towards_healthy
Mean phase velocity during swing - rhindlimb - knee (rad/s)_sin,0.0016193597342003146,-0.33449720389456106,-0.4527699871323939,0.0007331974860165933,away_from_healthy
Mean angle acceleration - rhindlimb - lHindpaw (rad/s^2)_cos,0.0012799365459793884,-0.39832505297368415,-0.5705048019022426,0.0007302099456114117,away_from_healthy
Mean phase value - rhindlimb - ankle (°)_sin,0.0011004126343509286,-0.03373436076686198,-0.6628503914944185,0.0007294089454849174,away_from_healthy
Mean angle acceleration during stance - rhindlimb - knee (rad/s^2)_sin,0.005133118951224708,0.10571800729781614,0.14097338849091953,0.0007236331720811022,towards_healthy
Mean angle excursion - rhindlimb - lHindpaw (°),0.006961115281833653,-0.9282786183373233,-0.10367287433276472,0.0007216788298294284,away_from_healthy
Mean phase during stance - rhindlimb - hip (°)_sin,0.0024677637352598794,0.00031755259414662645,0.2790130874294199,0.0006885383788212165,towards_healthy
Mean phase acceleration during swing - rhindlimb - ankle (rad/s^2)_cos,0.00226041768533655,-0.1316144346944187,-0.2989364955959886,0.0006757213414377043,away_from_healthy
Mean step jerk Y during stance - knee (m/s^3),0.0012326591472371525,-15.733436507319965,-0.5370389491933849,0.0006619859731458543,away_from_healthy
Mean phase value - rhindlimb - hip (°)_sin,0.0028472978984403347,-0.0028451600822484435,-0.2323638893897114,0.0006616092139327477,away_from_healthy
Mean step acceleration Y during swing - lHindfingers (m/s^2),0.0018604552627540395,0.161759295050518,0.3544923308977093,0.0006595171226245897,towards_healthy
Mean step velocity Y during swing - lHindpaw (m/s),0.002075559816457824,-0.0014449822371935227,-0.3162752356354647,0.0006564481700257001,away_from_healthy
Mean phase velocity - rhindlimb - lHindpaw (rad/s)_cos,0.001625065933646848,-0.007185515048030444,-0.39629899860031464,0.0006440120021637312,away_from_healthy
Mean phase during stance - rhindlimb - ankle (°)_sin,0.001941223235439955,-0.000530807321805167,-0.33065035998046927,0.0006418661616006723,away_from_healthy
Mean angle acceleration - rhindlimb - lHindfingers (rad/s^2)_cos,0.0017308379986646736,-0.27739797056249466,-0.37038553699370425,0.0006410773615845235,away_from_healthy
Mean angle value - rhindlimb - hip (°)_cos,0.001594487607079457,-0.025422790130853246,-0.3952457129624474,0.0006302143910699066,away_from_healthy
Mean angle acceleration during stance - rhindlimb - lHindfingers (rad/s^2)_sin,0.0015340890432042787,-0.24291253825003406,-0.40304591953360375,0.0006183083290646949,away_from_healthy
Mean step length (m),0.0010147836194589444,-0.0033806628840849645,-0.606881574175118,0.0006158534804243681,away_from_healthy
Mean angle acceleration during swing - rhindlimb - lHindfingers (rad/s^2)_sin,0.003841525995506582,0.10950178501116886,0.16029771746476412,0.0006157878486612608,towards_healthy
Mean angle value - rhindlimb - hip (°)_sin,0.002545925594729252,-0.0028451600822484435,-0.23236388938971117,0.0005915811732881026,away_from_healthy
Mean phase acceleration during stance - rhindlimb - knee (rad/s^2)_sin,0.00164366740589386,0.2317906884004592,0.357896390020645,0.0005882626309640107,towards_healthy
Mean phase excursion - rhindlimb - knee (°),0.0018415877555260495,-0.9162994613240514,-0.3156887681600751,0.000581368570000696,away_from_healthy
Mean phase velocity during stance - rhindlimb - knee (rad/s)_cos,0.0015878667584015955,-0.16783531510061422,-0.3577011585960561,0.0005679817791764146,away_from_healthy
Mean phase velocity during swing - rhindlimb - lHindpaw (rad/s)_cos,0.0012784248006786434,-0.18760191390616204,-0.4343968560333802,0.0005553437140899034,away_from_healthy
Mean angle during stance - rhindlimb - hip (°)_cos,0.0018745519632571543,1.0074354643063721e-05,0.294744355705158,0.000552513610646069,towards_healthy
Mean phase velocity during stance - rhindlimb - ankle (rad/s)_sin,0.0014811511571227428,-0.25377377616789104,-0.3695054704614377,0.000547293455137142,away_from_healthy
Mean step velocity X during swing - lHindfingers (m/s),0.0015427939597322305,-0.026647977282125535,-0.3435206202245191,0.0005299815379258576,away_from_healthy
Mean phase velocity during stance - rhindlimb - hip (rad/s)_cos,0.0018353946358645012,0.09775941276109623,0.2867869222057907,0.0005263671786525983,towards_healthy
Mean step velocity Y during stance - hip (m/s),0.0012086141964671308,0.002946910763921759,0.4324356208682301,0.0005226478304394208,towards_healthy
Mean phase acceleration during stance - rhindlimb - ankle (rad/s^2)_cos,0.0018933667251105268,-0.12911699831321177,-0.2737303370368056,0.0005182719117987774,away_from_healthy
Mean phase during swing - rhindlimb - ankle (°)_sin,0.0016353239881060286,-0.0005906426055119242,-0.3143284850496709,0.0005140289117467541,away_from_healthy
Mean angle during swing - rhindlimb - hip (°)_sin,0.0014110129284417828,-0.00046961476479157396,-0.353703346506461,0.0004990799947537401,away_from_healthy
Mean angle acceleration during stance - rhindlimb - lHindpaw (rad/s^2)_cos,0.001271885968763694,0.17249414606115465,0.39189350529173766,0.0004984438506301816,towards_healthy
Mean phase velocity during stance - rhindlimb - ankle (rad/s)_cos,0.0014695291908914212,-0.1542468043181751,-0.3308284719279494,0.00048616209667612473,away_from_healthy
Mean step acceleration Y during swing - knee (m/s^2),0.001955590150959735,0.06360595346834563,0.24301438883424376,0.00047523654534574645,towards_healthy
Mean phase during swing - rhindlimb - hip (°)_cos,0.0012791039995866268,-1.1684182829929668e-05,-0.36505866005754695,0.0004669479921633431,away_from_healthy
Mean phase during stance - rhindlimb - ankle (°)_cos,0.0013933989511194594,-9.403274121910776e-06,-0.3269990234806255,0.00045564009633499103,away_from_healthy
Mean angle excursion - rhindlimb - hip (°),0.0013232338350621592,-1.57421838158767,-0.33783155526009323,0.0004470301444718269,away_from_healthy
Mean phase acceleration during swing - rhindlimb - lHindpaw (rad/s^2)_cos,0.0009255194805194808,-0.17039936132746258,-0.4784905160197654,0.0004428522938201116,away_from_healthy
Mean angle velocity during swing - rhindlimb - ankle (rad/s)_sin,0.004611787666507746,-0.05737191355477306,-0.09514197300108877,0.00043877457765363414,away_from_healthy
Mean phase during stance - rhindlimb - knee (°)_cos,0.004163352427481262,3.385135297451214e-05,0.10476005301629535,0.0004361530210284589,towards_healthy
Mean angle acceleration during swing - rhindlimb - ankle (rad/s^2)_cos,0.0016439583556662727,-0.12182965617042102,-0.2630516643169001,0.0004324459815256874,away_from_healthy
Mean step jerk Y during stance - lHindpaw (m/s^3),0.0037971951359532887,3.1607979186448247,0.11149696399628194,0.00042337572936024075,towards_healthy
Mean step acceleration Y during stance - hip (m/s^2),0.004231348111487035,-0.02561694232280072,-0.09951246706127068,0.00042107188956912346,away_from_healthy
Mean angle velocity during swing - rhindlimb - lHindpaw (rad/s)_cos,0.001363769498998332,-0.13774103644226265,-0.29181719768336845,0.00039797139348374456,away_from_healthy
Mean phase value - rhindlimb - ankle (°)_cos,0.0005896407685881371,-0.048775653285012655,-0.6739552538333003,0.0003973914938642803,away_from_healthy
Mean angle acceleration - rhindlimb - ankle (rad/s^2)_cos,0.0017030707519917602,-0.1609927416345388,-0.231421863711142,0.00039412780745786926,away_from_healthy
Mean angle acceleration during stance - rhindlimb - hip (rad/s^2)_cos,0.001293873225128111,-0.09884781235413143,-0.2919656680427987,0.0003777665605372195,away_from_healthy
Mean step velocity X during swing - knee (m/s),0.0028742017666822544,0.007495875510479366,0.12498450397033396,0.0003592306821194391,towards_healthy
Mean phase during stance - rhindlimb - knee (°)_sin,0.005131382138757381,0.0006512618761450872,0.06908125388184176,0.0003544823122922468,towards_healthy
Mean angle velocity during stance - rhindlimb - ankle (rad/s)_cos,0.002074413772138708,-0.08155576145945154,-0.167328490944661,0.00034710852608679186,away_from_healthy
Mean phase acceleration - rhindlimb - knee (rad/s^2)_cos,0.0014080326591183981,-0.1694765942627262,-0.24597880183086224,0.00034634618642866643,away_from_healthy
Mean step jerk X during stance - knee (m/s^3),0.0027257102175056746,10.526420845527142,0.12268929796301364,0.00033441547303638444,towards_healthy
Mean angle acceleration - rhindlimb - knee (rad/s^2)_cos,0.0017398334182641213,-0.12212325018516179,-0.18853470204976586,0.0003280189751286518,away_from_healthy
Mean phase value - rhindlimb - knee (°)_cos,0.0022469551818767937,0.001739317790841688,0.1446257232940338,0.00032496751838820856,towards_healthy
Mean phase during swing - rhindlimb - ankle (°)_cos,0.0008572405372405373,-1.0740032262201993e-05,-0.3609611790371639,0.00030943055504079617,away_from_healthy
Mean phase velocity - rhindlimb - ankle (rad/s)_sin,0.0018089009252621295,0.028433542756625893,0.16991863632235246,0.0003073659784627827,towards_healthy
Mean angle acceleration during swing - rhindlimb - lHindpaw (rad/s^2)_cos,0.0012641659427528992,-0.1058468940180376,-0.2415512601471668,0.0003053608765070939,away_from_healthy
Mean step jerk X during stance - ankle (m/s^3),0.0010449514308291687,30.03439247089409,0.28995948736641336,0.0003029935812060259,towards_healthy
Mean phase acceleration - rhindlimb - ankle (rad/s^2)_cos,0.0037014157568495496,-0.06098067346283895,-0.08148622855349932,0.0003016144103341661,away_from_healthy
Mean angle acceleration - rhindlimb - hip (rad/s^2)_sin,0.0016131739517262237,-0.12477833836969944,-0.18312234231798244,0.000295408192606462,away_from_healthy
Mean angle acceleration during swing - rhindlimb - ankle (rad/s^2)_sin,0.0010784563220413027,-0.18076988629591795,-0.2622442366274396,0.0002828189549097576,away_from_healthy
Mean angle velocity during stance - rhindlimb - hip (rad/s)_cos,0.0009536173584869239,0.09775941276109434,0.2867869222057829,0.00027348498720247363,towards_healthy
Mean step jerk Y during stance - hip (m/s^3),0.0015036277846681792,3.8302322186483213,0.18157552700465646,0.0002730220074199687,towards_healthy
Mean angle acceleration - rhindlimb - lHindfingers (rad/s^2)_sin,0.0036066052975332013,-0.05074056640916119,-0.07521453223455907,0.00027126913040864247,away_from_healthy
Mean step jerk Y during swing - lHindpaw (m/s^3),0.0007428970006975124,-9.746151283325268,-0.3559486747850716,0.00026443320290008395,away_from_healthy
Mean phase during swing - rhindlimb - hip (°)_sin,0.0007302910052910055,-0.0004696802878327265,-0.35368799178311994,0.00025829515907865153,away_from_healthy
Mean phase acceleration during stance - rhindlimb - knee (rad/s^2)_cos,0.0008256509922103363,-0.13642364025469134,-0.30227681515505167,0.00024957515235494884,away_from_healthy
Mean angle velocity during stance - rhindlimb - knee (rad/s)_cos,0.0008807006817063746,-0.10493851736763393,-0.2786890808700856,0.00024544166350640737,away_from_healthy
Mean angle velocity - rhindlimb - lHindpaw (rad/s)_cos,0.003028600615126122,0.0005669502413883087,0.07888315388361251,0.0002389055683749974,towards_healthy
Mean step acceleration Y during stance - lHindfingers (m/s^2),0.0010727670236530807,0.12201270167589007,0.21652256180323604,0.00023227826417939772,towards_healthy
Mean angle acceleration during stance - rhindlimb - lHindfingers (rad/s^2)_cos,0.0022294649106204003,-0.04945029287310598,-0.10159664977126032,0.000226506165701615,away_from_healthy
Mean angle acceleration during swing - rhindlimb - lHindfingers (rad/s^2)_cos,0.00115479902601773,0.0782062803404987,0.18759716282782693,0.00021663702091726406,towards_healthy
Mean angle velocity during stance - rhindlimb - lHindpaw (rad/s)_sin,0.001963180303134302,-0.07376864049921283,-0.11004034750755733,0.00021602904277689033,away_from_healthy
Mean phase value - rhindlimb - knee (°)_sin,0.0019454484808259294,0.006237866607368192,0.1070584482098728,0.00020827669542947849,towards_healthy
Mean phase acceleration during stance - rhindlimb - hip (rad/s^2)_cos,0.0007068149543420055,-0.09884781235922646,-0.2919656680599764,0.00020636570033924538,away_from_healthy
Mean phase velocity during swing - rhindlimb - ankle (rad/s)_cos,0.0014532204623156231,-0.0778755417891921,-0.1387963407018292,0.00020170168240242896,away_from_healthy
Mean phase velocity during stance - rhindlimb - lHindpaw (rad/s)_cos,0.0036473977496812374,-0.01782945643989553,-0.05415883676969057,0.00019753881935912285,away_from_healthy
Mean phase velocity during swing - rhindlimb - hip (rad/s)_sin,0.0005592144838521652,-0.25407839097458723,-0.3522845045751481,0.00019700259739510717,away_from_healthy
Mean step acceleration X during swing - lHindfingers (m/s^2),0.0010609772709627332,-0.14898320127309028,-0.18151662761588475,0.0001925850162022601,away_from_healthy
Mean angle velocity during swing - rhindlimb - hip (rad/s)_sin,0.0005403919699571874,-0.25407839097460727,-0.35228450457517685,0.0001903717174127716,away_from_healthy
Mean step velocity X during swing - lHindpaw (m/s),0.0011225492456261692,-0.011718449874200676,-0.15765480629309553,0.00017697528387365422,away_from_healthy
Mean angle velocity during swing - rhindlimb - hip (rad/s)_cos,0.0008141585170048172,0.09395898468723929,0.20722463010380948,0.0001687136975321893,towards_healthy
Mean step velocity X during stance - hip (m/s),0.0006042301278733915,-0.014784975278988421,-0.26804142793497,0.00016195870627651337,away_from_healthy
Mean angle velocity during stance - rhindlimb - lHindpaw (rad/s)_cos,0.0009092576971624183,0.08385880396740386,0.17530447791360318,0.00015939694588998284,towards_healthy
Mean angle acceleration - rhindlimb - lHindpaw (rad/s^2)_sin,0.0011118723618723618,0.10306723954736571,0.1428984637923568,0.00015888485244473994,towards_healthy
Mean phase acceleration - rhindlimb - hip (rad/s^2)_sin,0.0024163932835808426,-0.04794145094217253,-0.06488304070252064,0.00015678294377187332,away_from_healthy
Mean phase velocity - rhindlimb - lHindpaw (rad/s)_sin,0.0015322540215620707,0.014497827982723775,0.10057502467667628,0.00015410648602954175,towards_healthy
Mean step acceleration X during swing - knee (m/s^2),0.0018163521104276744,-0.04525644523863889,-0.08342482076631247,0.00015152884926094212,away_from_healthy
Mean step jerk X during swing - knee (m/s^3),0.0019774825855501904,-7.28601789672291,-0.07337900920687151,0.0001451057128515155,away_from_healthy
Mean step velocity Y during swing - knee (m/s),0.0019675055042598136,-0.0007018295792330723,-0.07113077208407702,0.00013995018559767182,away_from_healthy
Mean angle velocity during swing - rhindlimb - lHindfingers (rad/s)_cos,0.0012440180733369346,0.04814206127782905,0.11222644798225272,0.00013961172959632974,towards_healthy
Mean step acceleration X during swing - lHindpaw (m/s^2),0.001520647826983231,0.07573337834784466,0.09161836071679255,0.0001393192611357564,towards_healthy
Mean angle acceleration - rhindlimb - ankle (rad/s^2)_sin,0.0010831712229519412,-0.08846510404018115,-0.12059386253132452,0.00013062380155855305,away_from_healthy
Mean angle velocity during stance - rhindlimb - lHindfingers (rad/s)_sin,0.000669972479922783,-0.12648856156194818,-0.1832183266512545,0.0001227512366738435,away_from_healthy
Mean step jerk X during swing - hip (m/s^3),0.006819580989382632,-1.0409820045177156,-0.017612602386611026,0.00012011056840928772,away_from_healthy
Mean angle velocity - rhindlimb - lHindfingers (rad/s)_sin,0.001119475466354878,0.014435106088826914,0.10702555839337143,0.00011981248689431071,towards_healthy
Mean phase value - rhindlimb - hip (°)_cos,0.0002960043787629996,-0.02542279013085355,-0.3952457129624521,0.00011699446172418948,away_from_healthy
Mean phase acceleration - rhindlimb - lHindpaw (rad/s^2)_sin,0.001502552749191405,-0.05445897188294349,-0.07650548597659626,0.00011495352828235919,away_from_healthy
Mean angle velocity - rhindlimb - lHindpaw (rad/s)_sin,0.0007307257424772365,0.013829616354494905,0.1568634912974292,0.00011462419114588546,towards_healthy
Mean phase velocity - rhindlimb - ankle (rad/s)_cos,0.003039739667806756,0.00103830362759616,0.037162553226452434,0.00011296448719942742,towards_healthy
Mean angle acceleration during stance - rhindlimb - ankle (rad/s^2)_sin,0.0004111568986568987,0.17232555241373332,0.27210008307623196,0.00011187582628190803,towards_healthy
Mean step jerk X during swing - ankle (m/s^3),0.002299407056674138,5.595633515910947,0.04821972718467847,0.00011087678095935144,towards_healthy
Mean phase velocity - rhindlimb - knee (rad/s)_cos,0.0011057200749211738,-0.0008338310714202102,-0.09709251234550328,0.00010735714002495488,away_from_healthy
Mean phase acceleration during swing - rhindlimb - knee (rad/s^2)_cos,0.0011209590099165935,0.031106589026361098,0.09070432331727857,0.00010167582846089118,towards_healthy
Mean step acceleration X during stance - hip (m/s^2),0.001645972581616992,0.02275079544835308,0.06143615802402385,0.00010112223162743202,towards_healthy
Mean angle velocity during stance - rhindlimb - hip (rad/s)_sin,0.0009639563479117234,-0.06948457673567507,-0.1002839695684851,9.666936905932731e-05,away_from_healthy
Mean step acceleration X during swing - ankle (m/s^2),0.0006055482122884137,0.10134432252887843,0.15333779260622862,9.285342618895327e-05,towards_healthy
Mean phase velocity - rhindlimb - knee (rad/s)_sin,0.0020069631821407487,0.004429168178070639,0.041592923478589144,8.347546605912593e-05,towards_healthy
Mean step velocity Y during swing - hip (m/s),0.00046056056696450794,0.0015076468613458545,0.17865665892328975,8.228221212569504e-05,towards_healthy
Mean phase acceleration - rhindlimb - lHindpaw (rad/s^2)_cos,0.0011942911789065637,0.04834770851391049,0.06700184720265283,8.001971508457369e-05,towards_healthy
Mean phase acceleration during stance - rhindlimb - ankle (rad/s^2)_sin,0.0018407924998939099,-0.03011695114695956,-0.042494216491875986,7.82230350071134e-05,away_from_healthy
Mean step velocity X during swing - ankle (m/s),0.002584672395092228,-0.0017828523402533825,-0.02787967772129213,7.205983339029156e-05,away_from_healthy
Mean angle velocity - rhindlimb - ankle (rad/s)_cos,0.0009586006233625284,0.0006346508334476031,0.06931310512951204,6.64435857843427e-05,towards_healthy
Mean angle acceleration - rhindlimb - hip (rad/s^2)_cos,0.0003082274247491638,-0.15203590467100425,-0.20818499009569003,6.416832336862471e-05,away_from_healthy
Mean phase velocity during swing - rhindlimb - hip (rad/s)_cos,0.0003063593717056716,0.09395898468722719,0.2072246301037876,6.348520748053657e-05,towards_healthy
Mean phase velocity during stance - rhindlimb - hip (rad/s)_sin,0.0006319442017992741,-0.0694845767356607,-0.10028396956846443,6.337387310220595e-05,away_from_healthy
Mean step jerk X during stance - lHindpaw (m/s^3),0.0006430593492468179,12.669464047312147,0.09492598163997351,6.104303998001674e-05,towards_healthy
Mean angle acceleration during stance - rhindlimb - lHindpaw (rad/s^2)_sin,0.0003249144506287365,-0.1263094262743178,-0.1832703894799141,5.954719791438086e-05,away_from_healthy
Mean step jerk X during stance - lHindfingers (m/s^3),0.0016632147321822052,4.599788615824139,0.03524360033681328,5.8617675295329575e-05,towards_healthy
Mean angle velocity during stance - rhindlimb - lHindfingers (rad/s)_cos,0.0010125252914992063,-0.029053103437932437,-0.05615852184710139,5.686192370340088e-05,away_from_healthy
Mean angle velocity during stance - rhindlimb - ankle (rad/s)_sin,0.0004927689594356263,-0.07402421557319021,-0.10399854923565086,5.124725688966642e-05,away_from_healthy
Mean angle acceleration during stance - rhindlimb - ankle (rad/s^2)_cos,0.001006719147242871,0.026095523353008465,0.050089508243979924,5.042606702519423e-05,towards_healthy
Mean phase velocity during stance - rhindlimb - lHindpaw (rad/s)_sin,0.0009217603834819926,-0.034804088789059474,-0.05303541134286522,4.888594109752466e-05,away_from_healthy
Mean angle velocity during swing - rhindlimb - lHindpaw (rad/s)_sin,0.002506275808293236,-0.012532268646177278,-0.018030735687921004,4.518999666036591e-05,away_from_healthy
Mean step jerk X during swing - lHindfingers (m/s^3),0.000567998969756407,-11.048605772532312,-0.07887370788502596,4.480018481956254e-05,away_from_healthy
Mean step acceleration X during swing - hip (m/s^2),0.0004066804306804308,-0.029949893837900213,-0.1079924421521243,4.3918412884657415e-05,away_from_healthy
Mean angle velocity - rhindlimb - lHindfingers (rad/s)_cos,0.00018727490996398572,-0.00315351626125715,-0.21484815630864249,4.023566912862935e-05,away_from_healthy
Mean angle value - rhindlimb - knee (°)_sin,0.002347355994609245,-1.5225753928094221e-05,-0.01614855254317649,3.79064016164877e-05,away_from_healthy
Mean step velocity Y during swing - lHindfingers (m/s),0.00019428571428571436,-0.0006403736409281626,-0.16432801511980163,3.192658579470433e-05,away_from_healthy
Mean step velocity Y during swing - ankle (m/s),0.0001118881118881119,-0.0028502030844963847,-0.28369117894415613,3.1741670371374114e-05,away_from_healthy
Mean angle velocity during stance - rhindlimb - knee (rad/s)_sin,0.00015740740740740746,-0.08315961908906358,-0.13178538058526254,2.0743995092124665e-05,away_from_healthy
Mean phase acceleration during swing - rhindlimb - lHindpaw (rad/s^2)_sin,0.0011794631429246287,-0.011238000466489706,-0.01728432327293801,2.038622225082477e-05,away_from_healthy
Mean angle velocity - rhindlimb - ankle (rad/s)_sin,0.0012519290580953867,0.0014336988218885544,0.014979248309832629,1.8752956227505678e-05,towards_healthy
Mean step velocity Y during stance - lHindfingers (m/s),0.0004799214130096485,-0.00010407605340387966,-0.03559817196138917,1.7084324988270342e-05,away_from_healthy
Mean phase acceleration - rhindlimb - ankle (rad/s^2)_sin,0.00039820179820179827,0.028516079715220674,0.04136638997691758,1.6472170873925423e-05,towards_healthy
Mean step jerk X during swing - lHindpaw (m/s^3),0.0005040048396854206,-4.374193784047009,-0.03090807009807978,1.5577816914768443e-05,away_from_healthy
Mean phase acceleration during stance - rhindlimb - hip (rad/s^2)_sin,0.0007979120010424359,0.01231380227914479,0.018114713297981425,1.4453947135902382e-05,towards_healthy
Mean angle acceleration during stance - rhindlimb - hip (rad/s^2)_sin,0.0006104194463614754,0.012313802276082093,0.018114713293491624,1.1057573259610017e-05,towards_healthy
Mean phase acceleration during stance - rhindlimb - lHindpaw (rad/s^2)_cos,0.0004283100996428545,0.010969071919360474,0.023480977157903777,1.0057139666213357e-05,towards_healthy
Mean angle acceleration - rhindlimb - knee (rad/s^2)_sin,0.00046494093584197125,0.005687025607595209,0.007329987316424091,3.4080111626079963e-06,towards_healthy
Mean phase velocity during swing - rhindlimb - knee (rad/s)_cos,0.0,-0.09075485541113748,-0.1679588550914168,0.0,away_from_healthy
Mean angle acceleration during swing - rhindlimb - knee (rad/s^2)_sin,0.0,-0.27055937256261575,-0.40677839153696904,0.0,away_from_healthy
